p:N_excitatory,p:additional_freq,p:initial_freq,p:input_steps,p:learning_rate,p:refrac_e,p:refrac_i,p:rest_steps,p:tau_e2e,p:tau_e2i,p:tau_excitatory,p:tau_i2e,p:tau_i2i,p:tau_inhibitory,p:tau_post_trace,p:tau_pre_trace,p:tau_theta,p:theta_delta,p:theta_init,p:w_ee_colsum,p:w_ei,p:w_ie_over_ei,objective,job_id,m:timestamp_submit,m:timestamp_gather
212,15.294142870382178,36.15740652099445,0.08192889230074407,0.010580752766988598,0.0007701534732411048,0.0036729686676754848,0.056328782950054064,0.020211148212373884,0.0008192065747325849,0.17647167862292368,0.003454252681812622,0.0013022426217204257,0.0018940350070103286,0.004145855665533724,0.004083552438272449,1878.5171348835756,1.7800600413564136e-06,0.004301312315552821,63.15303561742495,0.8839943527472336,17.340623052000296,0.038578905933551705,33,0.11119961738586426,28.94730019569397
342,24.579175574009117,21.897581256226825,0.0986158212204252,0.0035291821464979076,0.01609298743018241,0.02306436875075601,0.04849751738173385,0.013844781063576643,0.0017153204825280108,0.6413835353614507,0.0008628575502061423,0.0005286915084696862,0.0016809711989622547,0.36141958610812713,0.011585478070337192,3516.747869058691,5.357141616449412e-06,0.005351240707642062,57.154191856091785,81.45753539748249,14.760659846368098,0.038578905933551705,56,0.11193156242370605,30.428253889083862
92,16.132406435008406,26.28696120499623,0.16536123683312973,0.006994302197402454,0.010500961168389628,0.0006471734653568833,0.06747534283200743,0.0010755283370111894,9.3698090066005e-05,0.009087055090183226,0.008470095731142085,0.011246193920678646,0.0009178566925989596,0.02396188362132664,0.01924894466051869,63281.73117831621,5.046323769594861e-06,0.007312121070824167,19.938021589613037,79.78619354970323,31.83402889456183,0.038578905933551705,19,0.11077713966369629,34.65625357627869
114,11.101575369425214,46.5161459424482,0.10356726990968715,0.09699998614930264,0.0008544369377966257,0.002953474247393751,0.12295774856598951,0.0003518507810589088,4.047924249240122e-05,0.18335220019155035,0.003453868344492839,0.010483188252182809,0.011515294535084613,0.05332101230843853,0.00890909305586415,6823.674941432242,2.848930312074803e-06,0.0027375716638310195,45.10766716915803,3.735077439934978,32.72108252046417,0.038578905933551705,11,0.11054658889770508,35.99325752258301
182,20.124557259143177,27.3684810027716,0.0888320631609881,0.0009356139502792603,0.1352982295834677,0.0003571043512737731,0.12932526459017532,0.001234259977303949,0.00022650900903032706,0.009104866964836537,0.0010458875051563897,0.00018618881793440827,0.001810663383449177,0.040220377860711407,0.013425400884963103,517.1641723293916,0.000145432137041798,0.003289952746909414,76.5927896321943,30.225457324869414,26.417730516048504,0.06550154875643228,2,0.11028146743774414,38.13723921775818
124,20.204432556606562,13.61487200957541,0.12400329842009625,0.0041319836716824775,0.0004907715106638137,0.015090555862473648,0.12883332770002995,0.0002892382451987551,0.008116237282312578,0.16034010051766778,0.0010798500448217822,0.00016969397255694684,0.0015258035197114037,0.020061097429365172,0.0008259847575946558,60786.52834421353,6.771063221504014e-06,0.005032469019890599,43.43129476239027,0.8990030254808946,2.0528666117281897,0.038578905933551705,14,0.11063194274902344,43.29246735572815
139,20.62282337161445,30.383503264744128,0.17062160728137693,0.007055173768077236,0.00857234789402845,0.02155476448777406,0.11983906232262588,6.340460929454825e-05,0.010312463424644345,0.004685165545967377,0.0020813250975091793,0.0004404474781354176,0.00207572916403565,0.0008321423254847457,0.008131323604598728,171873.6278064876,4.160907086968697e-06,0.002111352888712372,31.34083240215766,0.7222095751963533,0.6846588232093771,0.038578905933551705,29,0.1110837459564209,49.615323543548584
281,23.173112532536397,17.31651737459286,0.15334510396734083,0.05107702681483201,0.011669630005236784,0.01282047454957132,0.12733191724871346,0.0012160915389033678,0.003905286046104932,0.008322488716670932,0.0024923589866004685,0.00013561427937809612,0.004527752790722534,0.07189728012273261,0.016372988748451115,5224.953899389702,0.00020553744223009664,0.0012720992855214473,43.394518130127445,278.7888421253338,0.7115344700389713,0.06550154875643228,58,0.11199116706848145,51.3034725189209
328,15.882313680014386,16.529370045578062,0.11694763337726884,0.10475969079900214,0.12427793520006751,0.044064871710074636,0.030849289449572898,0.0001246046962986591,0.016954519495263894,0.005565016193602504,0.00012299052636883574,0.020420236561299203,0.03089513535689464,0.001380438173120421,0.0010285823512131021,113912.7300512076,0.0006091613879401805,0.002264444055285154,27.392680516954258,107.4349065163624,27.049669280717467,0.045757490560675115,47,0.11165714263916016,51.863943338394165
153,7.371515131879875,16.249741697347908,0.25616451333893314,0.00039398964985217313,0.0011231780277632384,0.019397801555496603,0.03605582806761633,0.01917308439939522,0.0004255732019189139,0.05947926173869448,0.034659229265614634,0.0008660020593134875,0.0004191725651117782,0.05009503466388714,0.01553706516491443,14153.770613416846,3.298554127118146e-05,0.0024323052205936515,24.35318925224208,1.2570054925368497,0.21132393756049722,0.038578905933551705,24,0.1109309196472168,51.86437726020813
84,9.260933607697678,26.701659576291558,0.20434859409983655,0.00650124337837507,0.00022591463920253933,0.01764503383030109,0.04987547731064943,0.0016051660375537887,0.0010316602780301193,1.3844855868234254,0.04164046358823827,0.0020852856015852956,0.001504307051640042,0.006573233134830197,0.2315894571333761,140911.5430054998,1.489987038479284e-05,0.002827914545890615,51.0716933866195,89.46206339338272,0.057569768857272795,0.038578905933551705,43,0.1115424633026123,53.79560708999634
140,29.668170001619075,25.174257945432377,0.17560969469422755,0.004010873477070656,0.00030655053357429623,8.203467046781454e-05,0.044412394164160374,0.0009441639694446159,0.02745025473325599,1.7758927449823592,0.000381551345269362,0.00032258583582541644,0.0005488227443720685,0.3226288427267351,0.5381366636022217,3784.889374492838,5.986355540660923e-06,0.002059311716546612,16.952763071600433,0.37833656225840673,8.180231505610987,0.038578905933551705,30,0.11111211776733398,55.093788146972656
138,30.67628773384328,41.57975553676821,0.2160471734412816,0.004001129017560612,0.0017048690542380077,0.007253390453940779,0.07140765309154308,0.012830853884073028,0.00016740479011326365,0.014075463832735516,0.0004351489435041594,0.00039945716035075235,0.28358212999819243,0.008840107988583567,0.000808003021524669,75084.54531353238,2.483417243063783e-06,0.04803852549157395,32.04014097037396,0.6554597134791366,26.410672889226657,0.06550154875643228,7,0.11043190956115723,61.73721957206726
137,11.169049975964812,45.100769365460295,0.09039506464382416,0.0015221996203415987,0.0009675645223390445,0.007577295667482049,0.08659595495954552,0.0011528018506316092,0.01334091335488496,0.00707144833066075,0.04188121824413951,0.0099834519911861,0.0007989621536467861,0.004190225387108354,0.003010379097706462,16842.47247801915,0.00013889217859988333,0.009928998299281124,51.65095372325671,192.3389825785571,1.17570702605279,0.03621217265444471,32,0.11117100715637207,62.34785842895508
215,6.626627383932411,49.90867202000034,0.2618860247637731,0.0004831977737567922,0.00036024288507016406,0.004056419763705914,0.0679480126998601,0.0015040299706009083,0.00012983427614724237,0.13698938064763916,0.0027652882447014035,0.00023451596166194357,0.0005565658728874678,0.02561721866957872,0.02070363591873369,83982.0773612186,2.676759085846245e-06,0.017967609701857883,28.843835317799023,1.1647110400812974,0.0729056897822858,0.06550154875643228,0,0.11020255088806152,65.29424691200256
186,18.487799416860707,25.477300645508016,0.3084195443694613,0.005224179640088496,0.0020028834676364443,0.003329785292924428,0.09943071001266332,0.005638756341602175,0.00033543228893854094,0.02055741533238131,0.0020166898699780604,0.008138738185094889,0.007167867606584349,0.5830667595953489,0.004617790472980987,4548.72640636555,2.9254691681886717e-06,0.0007858319037040076,28.892425204868488,20.641030666494352,4.07825854914916,0.038578905933551705,40,0.11139559745788574,72.6102409362793
248,9.850964124592453,34.49842190504398,0.1478635129569268,0.0005949331938369996,0.0006435770569553872,0.009057131169450467,0.1376876448464171,0.0033693136387588445,0.005339549555980514,0.9021659926064539,0.00011957085319905756,0.05002462355624765,0.0062598534425684985,0.03571603494651689,0.0027301285261210066,2401.8743086095596,0.00011222523812315787,0.003727504585961006,50.423302163853904,303.68067138091607,9.11678035220511,0.038578905933551705,52,0.11180949211120605,73.31222414970398
278,6.964541466583757,20.315945437583814,0.15008573613481874,0.24829844410984286,0.007547458981859767,0.008447516282661873,0.05197670182929911,0.0015633170703540028,0.009326969919531955,2.410355272698431,0.002650829528178007,0.0017361331427910374,0.002813700780353861,0.0014674575349136016,0.009498297218132633,9064.350916360689,2.558022856496658e-05,0.00171233943940854,63.23912492080727,125.14384409610224,0.2475189585237376,0.038578905933551705,48,0.11168575286865234,76.84522581100464
267,8.646743363770684,13.368822009832497,0.20624018717386186,0.2818669646767809,0.004430631025190289,9.329936312070461e-05,0.059267625862939745,0.0037990961227645868,0.0009991040289986765,2.2431763307222017,9.872009437440252e-05,0.00537322199977908,0.0015240586593819549,0.2493375345483185,0.0019250640245415452,553.7664943012394,5.784556330074998e-05,0.005966284438935109,49.01435034126564,9.087476582929341,4.593222464540158,0.038578905933551705,64,38.65354919433594,81.26024603843689
91,14.864118107157259,18.69360131147939,0.11016953756508215,0.023896776312503046,0.0029983138188039013,0.0001296677374891938,0.12985819756766026,3.7707621407407576e-05,0.0001606230898829783,0.07878891842782663,0.00254858217729867,0.04837659788559543,0.14943538003255888,0.02735913762212654,0.004197994830462965,11579.91494079864,1.0721189804415167e-05,0.0009847171750581466,21.78082082187312,0.420752857767615,6.182494489142796,0.038578905933551705,60,29.190821886062622,83.75823378562927
190,27.35138010627728,14.862091151582256,0.13143208097843798,0.004251169900375463,0.03620826912037363,0.00597958246873966,0.12214869975482712,6.502558935755233e-05,0.018614667275291444,2.474798829414624,0.00010139934457885899,7.926949073064555e-05,0.11738012956668037,0.04383210218475906,0.0390135717195843,4635.418001143276,5.2030979151688894e-06,0.002531996642809612,19.69062876333801,3.031681053633993,1.2573057259359506,0.038578905933551705,62,35.1948447227478,90.22958326339722
184,26.462214326841856,44.80417835671349,0.2103850126136089,0.20273762395783126,0.0011697174177723768,0.0009343123642558058,0.13213112958226095,0.024094522764762292,0.021823093302855062,0.25887169401510096,0.00023668291974837191,0.01064687608164741,0.047130443160319196,0.07806800452246317,0.01970655118429742,1598.5045630105874,5.053490065246807e-05,0.00380308783533516,36.882796372993305,275.1811378852448,2.264694430546042,0.038578905933551705,65,43.64366960525513,94.04824233055115
376,9.617280111479765,26.76247770053366,0.27482025578084873,0.0005587015623691479,0.008029017204355535,0.011144190250257039,0.08353376989088804,6.605600511661081e-05,0.009299214040715084,0.04042744613817044,0.0003905658978447576,0.000259380104649197,0.000422424508412918,0.01740427662180728,0.015580038615922095,44549.39655052429,1.5490541262457186e-05,0.00933477210078028,20.5673200236695,0.7058284041473475,0.0757437734932863,0.2636034977233576,41,0.11147594451904297,118.73817563056946
100,18.639069258601364,16.31457870923266,0.09583412179216166,0.0008895553193588468,0.005485502396766831,0.002953867444970165,0.10764162825269193,0.0020132407555766042,8.375273012178724e-05,1.1743678353474336,0.02821065829552466,0.0005915494902961038,0.001405232184626109,0.007970234347953103,0.006735792074600531,2212.339074023446,1.9068437423808154e-05,0.0018887857892540534,63.787926890136,69.61358849003808,10.617313980632694,0.038578905933551705,63,36.292879581451416,123.17702507972717
181,10.896934803809451,24.68094809234077,0.11736897238268737,0.0035820518974387914,0.08438493666168694,0.00040554034620611865,0.038595706997029446,0.0007998425539316702,0.007645425725839023,0.12428117803352932,0.00012486113401750866,0.0442515034290112,0.05550950914995377,0.008651703998213772,0.0006697188945564527,1774.8511236836805,0.0001307626135194582,0.0008374314785479441,24.43467102880309,0.9605216382235839,47.103279756268414,0.038578905933551705,22,0.11086583137512207,127.38223457336426
108,11.282744584073894,37.71160059496002,0.1724841450581317,0.0027641817156701886,0.015099486773358284,0.00047492355084188516,0.14346339139433384,0.0023976170222973236,4.93420213859672e-05,0.6099998311736622,0.000965301053108,6.973279771406896e-05,0.0004129588388939497,0.26573162131481104,0.061194675180217345,129676.92988104522,0.0002796229971200871,0.0010254860332519857,71.87381128453144,232.27526275282145,0.19174008524301125,0.038578905933551705,69,53.79518914222717,130.33024501800537
118,25.61015340592656,55.61063059068082,0.07753053827560762,0.019420625844221984,0.006313657433000088,0.02528254718617269,0.0387940283431257,0.0013947661661219157,0.010596032244475589,0.008880456173436616,0.044665412517229754,0.04159959684273467,0.0007356390971156503,0.3038837105721561,0.004866864305118451,31911.7983459818,3.097498543210651e-05,0.058642773787286544,62.413030714581666,50.767629529671304,0.6979816143736702,0.03621217265444471,38,0.11134076118469238,141.38700532913208
309,18.880291429189217,28.25741878015134,0.09466295977960132,0.001261290148244519,0.0002066825637684379,0.0008437352703790766,0.11052107681564365,0.00015113111053306416,0.0001060531601799261,0.005108562973524736,7.873547751339166e-05,0.02427513425697053,0.07165461698670972,0.0015077864408431102,0.0006980309903839851,119867.05082914556,5.141136935693597e-05,0.026405550606043885,61.00929685081589,74.84664186483339,0.38765303957783814,0.12205304837081175,1,0.11024785041809082,143.82024383544922
361,9.760600326225973,16.68317770813992,0.09636606822962761,0.0006466145732712135,0.0006800671434011785,0.004472536164412179,0.10463574993139037,0.00010309350687189169,0.002989310262955171,0.009616820556869759,0.0001600097801949626,0.00014548732010525193,0.08897122092657025,0.010291648772000925,0.0011756805984254387,260725.27502940022,0.0003322174281939402,0.007076008177773459,40.7760082885002,18.934972179828275,0.1956070780912275,0.05551732784983137,55,0.11189746856689453,154.9312469959259
139,9.847279274671067,16.99527555823484,0.20387408940714855,0.0030507956877540822,0.0016892553096375944,0.03139879804035032,0.04637191204741728,0.004855357105355057,0.002796863504089145,2.9863385861056377,0.006361204979165307,0.05812122731958878,0.020329487445433808,0.005388067568142984,0.005494449289296888,5258.411686120095,0.0001378184207028739,0.03261495647349918,47.61505729152474,1.1054599068584856,25.111612130893633,0.045757490560675115,51,0.11177468299865723,164.1519320011139
105,11.08284363068761,41.89815926890237,0.08629958261985493,0.05243331235953848,0.03360365496881638,0.00010655600665358982,0.03813016760123938,0.0002809076666328807,0.0052779870739974805,0.07643206966638004,0.00013614546899330676,0.00027767208888074984,0.03912243045074349,0.5030007958604178,0.00822201905907676,123543.71875149352,0.0006320453244893012,0.0033665551724214077,53.29637208188032,273.80387321261446,5.586513406045188,0.22914798835785574,27,0.11102700233459473,168.08723545074463
101,9.12415390721732,58.45544513630327,0.07206790096620783,0.0003614970822344233,0.0004428506147658685,0.0003440167646492474,0.12745625899145063,0.0027998613977490263,3.968599757918496e-05,1.6960079923465496,0.0008454334347603703,8.664174451302835e-05,0.0209902117886082,0.05275562534929189,0.022058975857907854,428.9053008533662,0.00010837036745028413,0.039142976477311055,77.07810456651188,2.713842461371413,8.037411073834159,0.0809219076239261,75,73.31181287765503,172.18543481826782
107,20.35300626419148,23.572882454536195,0.32581805034287814,0.030239421359013918,0.08674819597985065,7.31598298722412e-05,0.14977666793417818,0.002417038997281736,0.00025745919224764915,0.01041285178681952,0.01748995684891522,0.0001603738629651625,0.04684664750027985,0.16945374534582897,0.12253494036553166,18804.915058741,0.00038291395008839405,0.0011289304568924397,69.1017422286678,23.04428658080781,0.42224296043660364,0.06550154875643228,70,54.814658641815186,178.7892451286316
330,27.350051115094807,49.209927414852885,0.24770904507228012,0.0009665414054119275,0.00024368976575210707,0.0322482560094723,0.03813223717295908,0.0009492462184411436,0.0001349136412195052,0.04132958861237791,0.026695823802794828,0.0007921731379100797,0.0016316408409889694,0.013445561234604303,0.0018298767415704832,3991.9707991185655,7.268373535673264e-05,0.003102098151488493,75.290408921826,0.42841569510293004,6.971741943311402,0.038578905933551705,59,0.11202001571655273,203.7472381591797
273,15.067270784934045,15.910137514978702,0.2311393159191076,0.002946485930589069,0.0001733532575929987,0.0015787554928795237,0.124754758582531,0.004104870712324674,0.0012559010607499374,1.0715342409809654,0.05176220833403633,0.00010261638639640727,0.005135384563883104,0.009856684124604087,0.09727934213339426,334.8381649484966,0.00018309963720734122,0.0010465014912898413,53.938201189574514,152.57107507763163,5.121633576049905,0.038578905933551705,68,53.79514408111572,217.4232635498047
396,15.946881087532446,14.694870972426397,0.27128196927864434,0.0005345238640397809,0.0006996982144482953,0.00010321180409968926,0.13122337514875212,3.394880458486438e-05,0.0004477430199644929,0.006650261874110647,0.008223533137440796,0.0005977945230580597,0.0028247672465749876,0.0669394422820059,0.062379758587095775,7375.942500178076,2.2843836248663516e-06,0.0015899635985352498,17.91518738027409,272.4023444835272,0.30130230632302846,0.038578905933551705,88,155.76908087730408,223.7621898651123
249,6.551982294614674,12.97870490902496,0.23442649049565883,0.18596403837795872,0.07906711369851867,0.012439246221122857,0.03224930814510594,0.0005876704817430256,0.00035669546647803716,0.008166663004533977,0.016109227886739953,0.0028804291436039194,0.02306433106170953,0.019989612064356038,0.34944847677638696,36651.58889559733,4.8150184676601294e-05,0.0033993647631569237,26.646940254831886,2.853635788866208,29.083179607317156,0.06550154875643228,53,0.11184096336364746,252.99722909927368
380,28.280868206227357,32.986764406769616,0.3003027648510092,0.0004496772187340899,0.002253379781539823,0.046501229326807496,0.0362695468073731,5.6222370547821415e-05,0.0038097084621225522,0.018214349598807335,0.00034321857143685623,0.00040426668545509754,0.0406124909795067,0.003183736992912625,0.0289039407558166,1895.240167462868,4.511283973588289e-05,0.0023806102370481207,27.8404439032679,11.747511043393844,0.05687593457559256,0.038578905933551705,89,165.2278835773468,256.88919830322266
216,21.161058579701123,18.55280279185039,0.15713501743400773,0.09413246539207523,0.011422232552763067,0.012681424763041628,0.1253843535514592,0.006912827684708398,0.0008865524719361924,1.3181359628110998,0.01784921898170906,0.00029118495486458773,0.03575420977770957,0.22281778680716502,0.2603999451054076,1968.5670179435785,0.0004179473850551475,0.014609148829357117,37.148145717520656,0.5725323052094496,0.14427418416771898,0.06550154875643228,17,0.11072039604187012,336.2671756744385
170,23.955740525741305,30.012330698369855,0.19504342185249254,0.22418423270393145,0.0036982436941209035,0.0005805873467685199,0.04298763513978336,0.016736377349521887,0.0006207223996848473,0.018522059924203426,0.000322134574865378,0.00026416256670529063,0.004765103541138933,0.009931028407614088,0.021417278454980794,27874.3894359109,0.00047438910182727266,0.045840190377029584,63.94239555241351,155.1712829429691,0.6492262315789288,0.06550154875643228,61,30.670379400253296,346.9489846229553
364,13.022142406390016,21.689195047411896,0.3073148653869755,0.0004730757859270362,0.0004771317206663264,0.00042580770213044655,0.13270488007805534,7.03699890198964e-05,0.008478615144766345,1.8844495487210116,0.002776575058186203,0.00024635038037359183,0.0003731524955917097,0.01569008140215753,0.3871594866762544,142198.94593784394,0.0009307189637517773,0.003219667995648916,63.15131716057858,1.9668696017130733,0.08974788104521993,0.038578905933551705,84,128.06080269813538,350.2782578468323
104,20.210061599944442,54.71007156107672,0.28062939182985014,0.004940605128529281,0.00025758503205740665,0.015797621814975085,0.06058640332815517,0.008266823147242336,0.0022179659139445643,0.7348422705912647,0.04459241780008019,6.845015134636305e-05,0.08507021337834658,0.026595390800309225,0.07793120199473645,3048.3242861892036,0.0008480872521667898,0.016128129198010092,19.175243565235256,36.182623705358516,1.179202508557544,0.06550154875643228,3,0.11031293869018555,355.2312352657318
372,27.62888113807813,20.354308617084964,0.25525487777502526,0.004330281736933371,0.005428469849693606,0.04556488876416714,0.07196537028895499,3.694742443317474e-05,6.005480158123618e-05,0.004740759285717719,0.0007969610072571201,0.006244810203180723,0.001070439674112776,0.547309981759237,0.04403377097097648,418.28468408666794,1.3337598690647625e-05,0.02510595094299897,22.27431011585785,8.934052926418543,0.07370905654349262,0.06550154875643228,94,218.26272082328796,379.60023975372314
134,25.774245916955834,12.764493281748303,0.31235091673309473,0.0018209366802763205,0.09815822453112596,0.000998742813358262,0.08072584598898146,0.007303331075905492,0.0006862950766464673,0.6419292860436953,0.037074491335621684,7.353412124531777e-05,0.24543622559205322,0.0010680796049316922,0.016794472153903547,41352.887936353356,0.00013852794530495402,0.039368860978677644,75.00420289880175,5.755922717749768,1.4244070747650917,0.06550154875643228,26,0.11099767684936523,445.6562407016754
97,7.463942830495384,52.889022331018154,0.2107321791128523,0.023907253925954986,0.0007633888854314614,8.971430703965033e-05,0.11275662443067447,0.007033662297565483,0.00955451937360778,0.027025620446712372,0.022022821273503062,0.00658439682710167,0.18015015405223694,0.23551555845355904,0.09778284263312251,814.8657367074093,3.777546183323037e-05,0.005254702905726549,30.76985515063832,0.5837157379255867,10.30145669086788,0.038578905933551705,34,0.11122846603393555,452.1372528076172
394,8.025326144638552,57.03135653620464,0.11077344798906716,0.0003888135867014341,0.09988095459031938,0.00020728472595971995,0.042291288309132674,0.018593199043622177,0.0013129464548714235,0.006252020199291087,0.00043442868654462296,0.00016268794463406756,0.0005216111810720004,0.022589999394501337,0.0031135198767535633,1472.6268382403134,8.26195743254563e-06,0.009038893742355296,17.979491148985137,1.6221448390388655,23.215231884961522,0.045757490560675115,104,453.04608273506165,481.5344498157501
387,15.631202810701117,24.689889102395004,0.26013388032696344,0.11134839292561984,0.0030304217453554147,0.0004962914954991664,0.09317321260815228,0.019355416156465438,0.01898080867729478,0.07764230549405422,0.0017524611353440845,0.00282455553567804,0.0006384083335243143,0.005375079027673528,0.06902432137322778,2171.082660943977,0.0010934843844741277,0.05072773658961146,17.2472738896331,2.1365289944345793,0.06516010593854327,0.0506099933550872,99,347.63024282455444,488.2962555885315
374,22.181604415592982,17.07857633511709,0.20639776902059498,0.0007825295201727783,0.006892771584000219,0.005733927992831205,0.07980289720687454,8.073195860048593e-05,5.557441511229379e-05,0.3269889888018487,0.05299649340075872,0.00015002561343188274,0.00035196047082830414,0.0006763422698881618,0.34065824639608117,2706.8544632829376,4.9932695437013425e-05,0.008941470795707585,18.696726474378046,1.1809639352794994,4.788116895749362,0.038578905933551705,93,204.50320959091187,547.9306135177612
219,10.458040632116498,17.684791138938735,0.2076469743679232,0.029672177826483875,0.012181481676269812,0.00032743841294568453,0.14894701346586103,0.0006298114332731335,9.861718307448943e-05,1.3082614280811165,0.0006213804617930821,0.0012392152737988223,0.0009609614626877523,0.09990770843233687,0.456376221357713,19959.97448152078,9.622765482709597e-05,0.0013447148468488633,16.161891124454794,0.5667189292720508,0.0775300889367235,0.038578905933551705,28,0.11105513572692871,556.5652425289154
371,8.081015881054741,21.99618980499573,0.2255896575329261,0.005295219997836802,0.0042548110705687234,0.00017267914207423808,0.1195214334496248,0.0038141933118819777,0.01605343022106845,1.3873367310784626,0.04716503103887575,0.0006515349819789483,0.23668111851812101,0.0031699536246889235,0.003968576965336231,524.303335070144,0.00037174084374969496,0.000715036706994836,54.00999945630749,249.34116672264162,0.19051178481261366,0.038578905933551705,71,55.632020711898804,569.6499383449554
94,20.69371865122199,43.21257528199363,0.20707845250203272,0.0007120156814048002,0.13927190613486434,0.001141338976012704,0.06523285556012715,0.003880036720296534,0.0004114339776661684,0.5834808543683938,0.020885016924229102,0.0009035322981418577,0.1889617489651434,0.016076518668669208,0.18427181833818704,2446.7499957908362,1.1124645376548761e-05,0.0429400488087047,32.354347549029434,33.95197679113769,0.3695555682649237,0.03621217265444471,36,0.11128497123718262,632.154628276825
358,22.26687997045023,15.634509182925296,0.33411187673720827,0.0014883694226487036,0.004841762422684628,0.0020250970685138188,0.0368786339888086,6.893378865211529e-05,4.192625331484664e-05,0.018204328905331513,0.0004710420122244156,8.926728438416698e-05,0.0006249092459314617,0.0383080807148651,0.004638605725577371,19008.988224674406,4.2688872968528135e-05,0.002281540442978271,19.08623499638811,0.4472808242750633,0.08549406372245863,0.038578905933551705,91,173.0600185394287,641.0122056007385
193,9.663328169672376,49.982913672878524,0.25947092227433466,0.00043731164751798223,0.028010006209820252,0.0049011068226076275,0.07728274870258175,4.142545977108147e-05,0.006946905156129947,0.5123478344341207,0.0014686478044718938,0.0008272693716240006,0.0003334155635164443,0.0010813922172996184,0.15763770581366734,1251.1669050155106,9.796376553680156e-06,0.012766076474602026,20.8323604233358,0.5719015130057961,0.05727411736840962,0.13076828026902382,105,482.3297827243805,658.5731048583984
311,31.720820262402857,38.39852796408448,0.07935309041791459,0.0014401929920571752,0.0005099413089508292,0.0013812367856914506,0.10192394514576607,0.011762090660316952,0.00017306353262935037,0.035196811886880834,0.0033996793093186884,0.00010486959152077605,0.19553887031643843,0.01101661873897682,0.02281681545136318,362.10630348339225,2.6217718922737968e-06,0.4018879487018881,22.50521471878332,61.00004407401806,10.10999220923427,0.06550154875643228,80,91.12323331832886,699.445615530014
147,10.424208893919772,20.570027453230807,0.30027565757173086,0.05455322632590852,0.003366058163062946,0.0001480814370630447,0.05744771773302507,5.670688655551957e-05,0.0015176896120303585,0.30109723637070174,0.00020036511066729768,0.011379113173178341,0.0003550079406444271,0.13290122892887196,0.008282281022208593,167240.16057130575,2.712620470934928e-05,0.0006919607003094823,15.847529706004705,0.3712253859085128,0.0777669046993136,0.038578905933551705,107,548.7927765846252,710.3543243408203
347,24.52247019596937,48.70961234074468,0.2811172949769608,0.0008062687062864452,0.0022412170857920746,0.028104839040954968,0.08082608237093053,7.378685209908685e-05,0.0053568011040455565,0.03277651958970791,0.000301118147781066,0.0001397833032089342,0.02238364434789375,0.03783830581213157,0.009241576735411039,98170.90068081814,1.7961289345684715e-06,0.04650300470658905,55.363026364937554,0.8210805460557409,0.08630270631165225,0.045757490560675115,49,0.11171460151672363,731.4962511062622
144,7.331125437227144,25.077012052617025,0.312150871149182,0.09920601740710723,0.0017617671053056267,0.02331949164502223,0.06909862791753882,0.00022144744763324915,0.02079385227948862,0.013758821198431206,0.00018658487026855945,0.00018263322178022886,0.00057285111966152,0.04126743309480273,0.0010466237271147738,34137.72881907404,0.00027268127644254847,0.01616242039778766,72.10557605756415,3.4597050319026335,0.056106123181186,0.2676062401770315,108,557.670307636261,732.165776014328
259,9.804353345987625,41.55364927849074,0.10781876503515649,0.038697650614443066,0.0001698690388289236,9.537002306344027e-05,0.0702411897249166,0.0011930883739641315,0.01641565168921617,0.00368711402105838,0.05271766510658855,0.0032402032476501145,0.0012466642067204396,0.010175577175850069,0.0028138624969313445,409.28141685621887,0.0005983085498493985,0.30739163439418016,19.818881414502197,1.217932220195593,0.1735194878346507,0.09151498112135022,4,0.11034369468688965,846.9222376346588
130,7.495113093856306,42.43528176510684,0.13209769778293148,0.0009567129185429325,0.00025210892807150335,0.0003299283462642719,0.0989687357973264,0.00129142758742405,0.003320996869335313,0.0036189253727350783,0.0007305228796387058,0.000309587915130824,0.29444020336779225,0.002229962198320121,0.005419770310112375,2276.6470215845407,0.00010319911972875542,0.05852088070258137,21.39181151131095,292.40510342779055,0.19650361697800925,0.2798406965940431,72,62.347463846206665,854.7534611225128
93,26.98762889854792,36.31346475473381,0.24238039334799585,0.026855463718871684,0.0008600447366170165,0.0045320136255596445,0.13998811240591252,0.0006783299906417635,0.00022994743328169192,0.6141572059245355,0.00024461289765091406,0.0033553906139526975,0.001959745887887686,0.025284433343971877,0.0006777999037318816,5613.783031799106,0.00040668462959210733,0.01073496981177833,18.143607325720392,72.29001533694334,2.405619408561179,0.3098039199714863,66,49.85629892349243,881.5432412624359
256,9.521723512584863,24.200884735941894,0.22428874765523563,0.0009114977952273345,0.0004948931066503442,0.004162627790889346,0.06932888429796828,3.6828977841892304e-05,0.0023015178998299956,0.0034387901128602317,0.023279495795728702,8.483113629087607e-05,0.18392586750517614,0.004417303236296188,0.0032300624141856824,424.9672469808679,1.929168098336086e-06,0.20195742635907799,43.22018538738835,29.924576080636673,1.3414281999270554,0.06550154875643228,74,65.94401621818542,912.6754734516144
96,9.837527091382894,48.599739277567224,0.27160380285460994,0.0010950287962269087,0.0020799648741602586,0.0002341150668140042,0.03590153908458231,0.0025984983598774914,0.00023324146040450684,0.007960083441454843,0.027668976227022784,0.0003611179156043393,0.0405887788042531,0.2276150529117235,0.15598123936307728,488.7332239846914,0.0012514316780652718,0.25896951000376084,36.22517253785775,23.872555857075962,3.655267563530651,0.11350927482751812,76,74.00454306602478,962.8482568264008
102,27.191944176073182,43.417270497665015,0.08346964043403028,0.09280009432283837,0.0008992481021554446,0.0433603787548638,0.14403756502065185,0.005086226444546721,5.7864674752851094e-05,0.8625575367654886,0.0007401033654388938,0.02382675010555731,0.15578610569069837,0.0020366153788582268,0.001755066519731884,14680.88817489,0.0005129218669590186,0.030508148844093436,16.3055928106231,6.2417823067532,0.8032318098972244,0.11918640771920865,120,913.5662336349487,1090.3592357635498
383,9.576875991732976,59.55418857893195,0.29723944355740906,0.0896259266635602,0.14634404130508435,0.0007773744464781319,0.13673297029862572,5.059282853481422e-05,8.223019757586552e-05,2.9459172438731964,0.011956898622023487,0.0022346497985746283,0.0013934508658632317,0.007471846731172225,0.028972161897059874,2005.4217482940414,1.2421359131010837e-05,0.017918264759635254,21.405057763480787,28.75602149584757,0.0742489755557766,0.06550154875643228,92,179.84269046783447,1153.0572497844696
145,26.509492873952567,36.10674975452412,0.16128374415397773,0.0025870459472131335,0.05959403247357374,0.00020747994496904266,0.07798966873979712,0.0005233723914719358,7.413871002550038e-05,0.7207956716215906,0.0001455209618264167,0.00012544805744470915,0.1932623232193836,0.36254410710242835,0.03588946295634573,554.8796594313405,0.0003051757551511336,0.38821506930415317,60.19166793016249,23.388985223453012,9.131838115190344,0.1366771398795441,73,63.0741491317749,1167.8682463169098
151,22.330654573382457,35.350449362281964,0.10315141265271499,0.021386655380626087,0.0023286747352730067,0.00011272124426411139,0.1265175918696202,5.6509974580556275e-05,0.00041752495516268783,0.13116704760818057,0.0001276043222306218,0.001662622327668557,0.002434222594737143,0.0006810403536095386,0.22018125034432315,16078.358333406568,0.0006813465220888045,0.020233015517152196,24.0577438906815,85.55225596553501,24.908130729734417,0.07831352451639793,35,0.11125659942626953,1173.4712400436401
193,10.061151712939424,24.667287014412295,0.2196847940483737,0.02228139425681159,0.0022790741500795333,0.016191926292285126,0.044536244822504296,4.081446238058162e-05,0.012576118088333088,0.15282825814979994,0.0005256652635359387,0.01175660765628051,0.00042761067242361747,0.08610371628287927,0.0006851462162009293,70398.05520273642,0.0002908509607213033,0.0011824205731845016,34.303045090681834,230.18904751917563,0.07653316346444576,0.038578905933551705,112,659.2217111587524,1195.5267555713654
100,9.105221721683874,17.319270775473214,0.16587066633139008,0.040449818581664854,0.001403705028258146,0.00019269547634337596,0.13071421244760356,0.0016567207218646822,0.0016663273249242303,0.09135269693521901,8.23345912555524e-05,0.0010893194709644294,0.015507528913636121,0.006975322966853864,0.0007286225373347647,488.3744443889347,0.00024560129772873595,0.038093384124663385,15.957244431265039,6.048467257434221,4.201181222991638,0.1366771398795441,119,882.558109998703,1255.437483549118
348,7.135220777360415,61.446411052552605,0.1296058267172431,0.001381709721744779,0.0005574037718202201,0.0004736375788552367,0.12694055034476098,4.197100487659814e-05,0.005424489283633904,0.2136787254063319,0.0022219298857829224,0.011408014949534147,0.00037039992362036936,0.003689321570365681,0.004728121794390914,409.31323327683117,0.0014886298068789825,0.13971390008424828,26.610648385722353,3.4836439806697337,0.7635961453140073,0.060480747381381476,20,0.11080598831176758,1276.4262413978577
88,27.970782332609453,37.49930656464825,0.16661883942810593,0.23835973739170796,0.03249953662796552,0.00039179425186501007,0.0517398563268127,0.01144439136750928,0.004363362008622915,1.343893358659785,0.009949751361009212,0.014838026107633134,0.0015761155376697116,0.0012352108725667,0.000704590849710831,3952.5895461052664,2.3298139467008923e-06,0.00854933796321986,15.6364536841895,132.51258578928088,42.252816814580214,0.06550154875643228,126,1196.2976751327515,1311.9432365894318
97,26.390555505777733,50.26398980699455,0.3223561577611523,0.002324678441070673,0.11033271190048637,0.01660731771138189,0.13747085418977395,0.004998420346026972,0.0003099370833948566,1.683689682488108,0.00010610423022939394,0.0007967774815315392,0.008102773796226368,0.09205648749144713,0.0009816636701188695,79956.91925737106,0.0009742080488518697,0.0006807908513897639,18.042774648618202,199.6382647453276,0.12886774836689666,0.05551732784983137,124,1168.4943709373474,1385.9882321357727
384,14.264946778274838,49.010845506635626,0.24857953761457632,0.0008014842350340262,0.003931176042431539,0.00043210863608989495,0.03140989179998954,0.0005188204452485685,0.001101085532439325,0.004517736458672964,0.0001860998157131793,0.0003524053352440182,0.0003576010332701334,0.42294497738679715,0.003066371764232563,55513.988593015274,2.5740986715732674e-05,0.03384414171410081,22.58150183373922,0.6405399553132253,0.4055288003450207,0.1938200260161128,110,632.7746117115021,1395.6332516670227
135,7.652680070197114,36.9059726223231,0.1136070644445192,0.029554095305561107,0.01858616040036566,0.0563749521510796,0.13080258709206918,0.00014545851586446202,0.0014233789340963863,2.8085682434365262,0.0015485906557557965,0.04207200306260245,0.017318336579973698,0.11136485461913181,0.023367482831588782,892.668136632351,0.0006305161351945753,0.20369109617841227,75.48588058899583,1.453254242306588,41.289055424114295,0.13966199342900631,54,0.11186861991882324,1490.4132392406464
82,7.360096265478059,62.67638677152577,0.25447508794199225,0.0021545451182593107,0.006054854821755718,0.025424923921509808,0.08418376023745311,0.00030557552645654864,0.0005585405287598467,0.010581115074045142,0.0010095600765571745,0.002459700348380717,0.02734974853290149,0.002943077484809429,0.0009103076865831052,651.625554562795,0.00021194063533487621,0.3697667835214214,15.977571321642234,1.9712283811696376,32.62119765453544,0.22548303427145047,15,0.11066102981567383,1530.9612402915955
95,23.835369983174168,48.26585299754868,0.07120714183194798,0.0005556486514988413,0.010631932463135334,0.005659809058292322,0.11682702913843233,0.0017765266043427244,4.319047196401053e-05,0.0039191306006804505,0.05045919206291662,0.0001522672964048436,0.001052868840823592,0.4437784329209887,0.00434114892459848,1629.7016905205785,6.399013905524253e-05,0.24393344826820712,35.34217598187524,12.904353670573391,12.981435448545966,0.12493873660829993,79,84.52468800544739,1551.233237504959
333,8.839196759427576,18.79663264371035,0.08946294289725606,0.12965914752489385,0.0018611518828935605,0.019679957416353103,0.10075266897347808,0.0002379051881665853,0.00020107946281179134,0.22949164732199587,0.01199608392818441,0.00035882724627322445,0.0004461822899889491,0.000743830538655629,0.3162290652496582,15417.510782144313,0.0011908372872465273,0.02572980861603255,16.245427945266577,0.5526697536962001,0.09678231342723242,0.040958607678906384,96,253.83559560775757,1594.8476593494415
95,27.13305173504959,31.540123906555284,0.3115150227375399,0.030929388307669975,0.061806081127104597,0.0009223948326499129,0.03753998742633768,0.00610683966375023,0.00445939396875088,1.135837510372103,0.00023164480923187398,0.00041985052574073473,0.01981019623245281,0.05743709761667167,0.0011260051298154336,355.628486991253,0.0005886233601869712,0.0017691012916822098,17.45360262229295,2.625388292094785,2.0350624287375068,0.045757490560675115,134,1552.055270433426,1629.789235830307
198,7.219862916817766,14.279444017436594,0.12380766592461948,0.0010547815865486817,0.0006873884631368362,0.009309292201818857,0.13296124926347216,0.000294383364168235,4.885193244851599e-05,0.8307166854450475,0.0010787105333306584,0.001423907529281929,0.04615957658573126,0.0006680368538738439,0.015217647918717646,259762.63574872687,0.0004200122858724508,0.0012273059123539137,37.975944890135395,102.41348800857938,15.367027299898169,0.038578905933551705,6,0.11040329933166504,1641.024364233017
82,30.161365820990834,38.875747189133236,0.31144359510337627,0.19992296255529612,0.00034495187447696927,8.633035490981507e-05,0.0492172780420709,0.0007540476750116989,0.0002681402795048283,0.5178946756012716,0.013171581198878903,0.008427299626687411,0.0031801343730780735,0.04554785229269065,0.0007138004016588108,41075.38002148144,2.302176996287378e-05,0.0014798922615125074,15.6687146437075,257.2912532791044,1.877860665750444,0.038578905933551705,136,1630.7792029380798,1701.0954279899597
235,23.4906206703924,21.963636578077615,0.18707754806720098,0.2747613518877418,0.008900075125057725,0.0030115632029625067,0.07540274606810542,0.0002985716995059175,0.00024750924836154414,1.7090437464897432,0.0002721592578092841,0.00031595884081805513,0.001644038129526724,0.06480584331858483,0.0007087593957702991,2017.0311861125901,0.0007884646460052128,0.0028805531901384823,54.99380972608464,127.27557172424324,0.5289925664111386,0.038578905933551705,132,1491.2212181091309,1734.2552032470703
199,16.0337102939817,37.77452274051861,0.19858686212835422,0.09888118824384566,0.00070847179492774,0.011286530992004546,0.14853218497592016,0.0002586667695115951,0.016941024726316135,0.2072865608226957,0.0001427391877218696,0.018075265753008062,0.12504036297694798,0.12045885139295534,0.0007149597388034504,3375.0228070563876,0.0002300676150250942,0.0007471549075597818,18.100389850921488,2.0518147140291263,6.9448003056464,0.038578905933551705,135,1595.855720758438,1738.0484766960144
84,25.207937751310638,15.240156680886967,0.11496246065715239,0.2917046871965421,0.006489862906997862,0.010915680720614987,0.14150618288874514,0.003965011958002556,0.005117691614265285,0.011188573170050255,0.0001077009748087851,0.001937292831040179,0.0006261552828811561,0.031055884715553487,0.0017416423805830497,6072.243517249548,0.0006786495528040422,0.001593948839566592,22.172020358619893,38.656409610180305,3.393297491150078,0.05551732784983137,128,1277.1719853878021,1765.5824856758118
113,25.236607687960017,44.19337681242416,0.26357236344598767,0.12229840287623664,0.061224923005027986,0.00010463834885470064,0.14068612594468263,0.00013832356209421073,0.0054085767587811005,0.16473496007093552,0.0003269671058929659,0.004084477684477,0.029183315134386243,0.04539707035641053,0.0007841836847984374,793.7669114228657,0.00032522450008066014,0.009898185559134513,42.53139697144378,65.20152211672871,0.16899843409197332,0.22914798835785574,137,1642.2055776119232,1792.3932480812073
94,28.430351036814535,59.344502822860335,0.2539947759601301,0.003966510453834398,0.00030857758586464964,0.00022790036761770641,0.11024812410098077,0.02314944128924584,0.00019649426331508438,0.00461607065539874,0.00019559080736270484,8.368558295733741e-05,0.013105293073692651,0.18642604030824397,0.0011501902067729665,783.0796724497832,0.001422755110159051,0.0019945649298056113,17.857196301166194,301.9526553814345,1.5225237486298306,0.2076083105017461,129,1312.7927598953247,1872.8272647857666
199,17.358521448235336,25.990780624324646,0.11172247911478678,0.2809879463079815,0.0017186462606800304,0.0034859084887552084,0.13155142642838177,0.0037667498025312895,0.0003066994696751873,0.011964181088648353,0.000853109780969446,0.0003188437725357738,0.007721574539637885,0.21807286927024377,0.022226082740780792,999.2208520563396,0.00015860459885634552,0.45524947446783914,27.152401151879374,0.7494668095452063,0.07872224913368128,0.05551732784983137,81,95.22084617614746,1903.8345358371735
115,8.342308500357094,25.456328966381673,0.1062390328446605,0.0005047391552725154,0.0017305120600960074,0.0008731386143695074,0.04761428963858224,0.001500848859615341,0.000634693543305894,0.021942930505960193,0.01677018427574899,0.0006420748629788977,0.003978482667630624,0.08655082990032975,0.004845261226722306,3002.5126966204016,2.118547757905965e-05,0.12974180615902767,35.826329175712885,0.5283440020572119,16.78665760363057,0.16430942850757438,44,0.11157035827636719,1959.3892333507538
345,17.827178517748443,15.8725290598478,0.31156222546890233,0.000421403770424177,0.02665418297229806,0.024932140428845798,0.1234594227525855,6.059889511857435e-05,0.00016451322443850842,0.05057258939888202,0.0019044442028229157,0.004990873112219364,0.1742152041815329,0.002382856140839279,0.023043601502110638,1216.5993782350085,7.850621725327028e-06,0.1281253954379252,17.48958224933904,35.328655433093324,0.05681155215539673,0.045757490560675115,85,130.9770209789276,2341.7282354831696
311,7.849885030839996,12.84464921215026,0.07591266463213353,0.0004024299883356305,0.011218308984633791,0.004289005616265622,0.10843049017971967,5.954737947984562e-05,0.0026549929742290534,0.45082049986350076,0.01873225610675987,0.0005263408805139033,0.0005479504157395662,0.24947604519955963,0.0030112596090900367,42993.527646652066,0.0012844653019265248,0.013693761300077323,23.525942916999167,0.9890361094794288,0.06202185866492429,0.10790539730951959,115,732.1653599739075,2403.458451986313
129,31.307416688945214,24.481280675291856,0.16691905968255488,0.09630035222356505,0.0002335011157595949,0.0049179419076452935,0.13786158627863393,0.00830558101633806,0.00014678785563379475,0.4942153734500813,0.00013775772767091405,8.097594049098205e-05,0.006134859432432097,0.005908489970516431,0.0007946658903004213,1534.5899929074778,0.000946837676423403,0.0012661019542931043,76.9300477697933,96.4893707378951,41.47879474724156,0.06550154875643228,147,2404.4440400600433,2497.815246105194
93,25.892972704317334,21.499972957614382,0.09131308386280623,0.004169077527374853,0.0012037436810121936,0.019649845466973917,0.11352771239581527,0.0006026529458445595,0.005452092501292196,0.33811369880996456,0.00026491215369472005,0.0008241646759762235,0.0010698083655585006,0.031927050160124044,0.0006951809093842788,361.20002870854404,8.563810781998777e-05,0.11469148242418392,18.807783490105564,277.2467654569029,0.19925630667365324,0.14569395819891934,144,1904.4732747077942,2529.499267101288
290,20.81822919052897,19.110246211930992,0.09621368165803725,0.001133000590857897,0.00024982473532028865,0.005622843723010537,0.12954482718728932,0.004331268037703991,0.0002054041258065382,0.004218612730087741,0.020970573463125197,6.821093397104993e-05,0.0034971012911804086,0.0012933204219593658,0.38057728799749285,107067.38551716632,0.0011430239432463354,0.28002600852291515,47.89792267933559,3.0618130497773133,15.427819800799648,0.1837587000082169,77,77.5850818157196,2587.8342714309692
95,9.445791759259288,60.44216800478293,0.13765789506876183,0.001550804499887732,0.0024873471086992362,0.007102992304506011,0.1442743112240995,0.00038460873575409533,6.564367326178437e-05,0.011638656816067777,0.0002488883430540038,0.0027302449988629088,0.015539465189592679,0.047627568338712574,0.0009035945741056244,336.4677095236992,0.0007135629452946156,0.485629906051869,17.755668538214373,145.37830844096706,4.805311819706782,0.14266750356873156,141,1766.3941459655762,2624.103248357773
83,20.054914482084424,13.160570761859946,0.1761474766138561,0.023237697856421376,0.0007119250207349242,0.00712879194267439,0.11471109684887174,0.00687188704271057,0.011167552015170407,0.7004164568819415,0.0003796098012072414,9.851262831159642e-05,0.0007928231183560164,0.01678432997350029,0.0007601847239673955,97132.0808844888,0.0005780437630471321,0.020049917261430728,64.8705856921245,287.50771755256665,0.12664904654041423,0.14569395819891934,146,2342.5361609458923,2650.3371663093567
87,24.376408302036396,16.894881792001527,0.10994473980572207,0.00901310232936413,0.0002293132695269203,0.000348661541238477,0.09888432899736678,6.608160680371086e-05,0.00023830427392768154,0.017216552446599403,0.0009430493984132333,0.0027119182670948903,0.0014264806331511734,0.19592135663456578,0.0007295073241663129,32747.631813667263,1.659150943558013e-05,0.011001518219880106,17.479964198941012,100.79704636687596,2.960366931139745,0.06550154875643228,150,2588.741803884506,2697.333286523819
327,12.584597585252371,27.633983344101996,0.26820291402150837,0.000658624987045147,0.09802259035423055,0.0004899861712299841,0.08181948493234656,9.838228737363637e-05,0.024260948633395004,0.04362023893751343,0.0002629278379711145,0.0002710920529880831,0.00034370285044787156,0.0024373823821884286,0.11670827157777289,1098.9664830060472,0.00035660755160544155,0.19385219431690232,18.83142131505071,0.3506272163123942,0.13773694492648444,0.3279021420642826,83,123.81761622428894,2848.427273273468
81,29.22917529827508,32.74415073549367,0.24286875498626576,0.006256426619547983,0.010044149285082647,0.0005315184880739951,0.1488221916218674,0.0001331754305948387,0.008037901464568202,0.6468475051369936,0.00021411728892781358,0.0003431902449621241,0.0067987601162603495,0.17208644266503334,0.0007736469020202054,1054.617324843744,0.0001396349388021067,0.10158865964878437,25.240404775980384,1.6287032865614133,0.2507674838679118,0.09420411963213152,140,1738.8743689060211,2969.847261428833
146,17.739579667846396,26.99834116098722,0.2815389456097362,0.0006985898846188283,0.0695789954719911,0.010108888525433799,0.042303240569876416,5.6737833985115785e-05,0.01227578239448414,0.010695098207999035,0.03866287291287753,0.0021471610015482622,0.002121715798272627,0.0112358817812866,0.2796102981072738,7189.842506451589,9.329551797436657e-05,0.021038437453419156,32.175130736738154,47.47916801445221,0.06715765779257656,0.24412514432750854,39,0.11136817932128906,3016.9192595481873
256,7.217738042934154,55.5183543588056,0.26517959546649805,0.10341673195504843,0.00019275787104184805,0.03812283787320963,0.14665832878729507,0.00021441259309737748,0.00021902737188310276,0.11468194412334447,0.05705813891005217,0.0004227521695146042,0.008886027867403567,0.0529324481709029,0.0007972726020143734,757.4287238936879,0.0014285700182753846,0.039757363910190635,18.571122186395908,75.68748483675245,1.2176584727788338,0.09963287134352969,139,1735.1309866905212,3107.0602436065674
135,19.86029946448217,53.496598817850014,0.21403580048136725,0.01488420921323753,0.0003133287669438782,0.0005972189940728715,0.1497388050026058,0.0012952062060256648,0.0002846775573926728,0.7098839667464054,0.00010354661890936527,0.003058863215539408,0.05209013052083988,0.008307447166093846,0.0009552586540058435,12703.967579621505,0.0003257234130704463,0.0008932957785560831,16.44802887878109,74.65682075193038,6.6904789260780895,0.038578905933551705,153,2698.1206817626953,3130.041657447815
87,31.68813707407128,42.12105595834433,0.25497929619534376,0.026572258147319398,0.02813862676637641,0.0005737344431712546,0.1433519127538605,0.00010831388646036393,8.509010098806965e-05,1.0283234537177424,0.0012098483879127927,0.005530055802595847,0.0149289168621321,0.28876906373690014,0.005482246385812355,238243.1162005051,0.00037346255299847554,0.014753926588225304,15.724379797250645,1.5953656778086993,10.586329899796008,0.1837587000082169,148,2498.513904094696,3163.070244073868
154,6.939243581322295,46.01118522551299,0.08251697171753486,0.032147046363455806,0.001295354310218942,0.0005150056954047943,0.13236032415758717,0.0005410534786840516,0.0015714567581933466,0.014238989789492779,0.01124056736603211,0.005712261864035915,0.0009953792496186966,0.0018738493026077229,0.2810339380991956,6005.947068182816,0.0005244833252520391,0.08349419386907944,20.477528325327857,113.99422596894668,2.071103012251093,0.07831352451639793,46,0.11162805557250977,3173.925235748291
81,23.66702050778696,60.64634741917037,0.2822410552390704,0.10082704840981456,0.00043779203124868734,0.0024126687690266342,0.1419712985287335,0.001342590024708354,3.3874768086356956e-05,1.053263337784729,0.02129053767254661,0.003214372795776893,0.0018419318341551378,0.07815115309172184,0.0006670155468671647,628.0061729635612,7.0148207579353564e-06,0.5876804730255629,26.580312514829444,221.19557225624152,3.8481975794953707,0.03621217265444471,138,1701.8847002983093,3216.1712548732758
361,10.820523465826714,55.686090408854,0.27814269719927626,0.00034784521655451195,0.08066477927856511,0.010838493563372518,0.06488954709153072,7.290233243057202e-05,5.497639395240835e-05,0.846096728303705,0.0005091514351446477,0.000277173201055852,0.00047449253338578614,0.042629842353609365,0.018823163993860064,1476.0906272511295,4.663695536263062e-05,0.13981644933877105,20.489525223028487,0.4080906898210755,1.996450441793759,0.2596373105057561,95,224.48933053016663,3321.204254627228
93,26.957126279842875,17.05152857021443,0.17661319060132294,0.029736831598183886,0.0007851082573030743,0.03394327318902815,0.08381603320710578,0.0116611434926178,0.0015358140657747328,0.9338191625009667,0.0001701461763032715,0.00014792497229969626,0.0062216512334443705,0.04710740292219936,0.4878846370445539,1178.843622237997,0.001179944870700561,0.2685171140046293,17.73513047377139,36.343913505552706,5.62912272461568,0.08618614761628328,133,1531.823086977005,3355.941214799881
330,27.562764265581862,59.2920959428874,0.11155727616920172,0.0011544040629379647,0.09616995861453398,0.0003830780512907382,0.06339628881885719,0.013826060192416794,0.02119000130180845,0.0061413462805823375,0.0011823107448298742,0.009231947780920936,0.0006192448047692363,0.0007198055692889884,0.0012467496648656995,22073.59036316719,9.269159680587479e-06,0.0993480943614306,27.28421232221353,0.5113385272441943,10.452736047557611,0.07831352451639793,156,3017.78657913208,3514.580139875412
93,29.40996042293566,48.37181950597542,0.1486568063908021,0.04063125349284613,0.000763709826919959,0.005157159479096351,0.09916822530915682,0.0030475233921917083,0.002108352305830417,0.8781663819887192,8.616203937851929e-05,0.007489594791901394,0.008491742378189431,0.07080495534407269,0.0007686273524658435,2317.4833346344067,0.0010990300110685226,0.10662051031756259,19.84499100379009,9.566509135319945,0.1596478404633857,0.06803388527182737,121,964.0452885627747,3622.7032294273376
253,30.431545721443996,15.46942255093438,0.1666493395558039,0.11039888417401043,0.09707532171106957,0.009728819537703924,0.128893296004695,0.01094495466220448,4.211328855429032e-05,0.005789901979522061,0.00031401220477866653,0.0002524203471238043,0.0008144877521533586,0.003760233865328178,0.5326192748393557,429.992893806556,8.95933685414175e-05,0.32388186107510886,18.437194103899536,0.39515323033019434,0.16512010363940105,0.06550154875643228,163,3357.0307660102844,3809.0552501678467
166,7.3700577018684275,19.71507606143312,0.13913755861595567,0.07288176109422961,0.06382791452894601,0.00013110870713427863,0.07515885661372168,0.0007143694285569937,0.026846365436934305,0.5352829463831817,0.0010984185074185994,0.0031054482929692147,0.001495872477509485,0.000857773410200028,0.006182599763021321,389.5488340073529,0.0013922402085266245,0.02240462964924635,33.2509919064696,0.3552731771373854,39.311691951796796,0.2596373105057561,166,3809.844535589218,4126.249313592911
85,15.205913371813022,59.723537506709846,0.20172050226072913,0.0025150727683162953,0.11305556389223402,0.0006916451307522027,0.12901149204387985,0.006324324208614345,0.0006070371012297241,0.00973413936902075,0.0002930270551855833,0.0020179587050364388,0.0007508998846231428,0.0008455042019469644,0.34999547123970315,767.7446108584686,1.931875394454913e-06,0.20669857209452963,31.46715658220379,0.39799040757360815,0.08983219527919156,0.045757490560675115,165,3623.6676092147827,4205.726256370544
219,18.373378091711245,54.39906868246794,0.1866929174820721,0.0458165834290888,0.0118991095693762,0.0009075734476144846,0.03728600377135768,0.0039950472655550795,0.008538592064672874,1.8418234135836338,0.011359855544886754,0.0008125522031886275,0.005192413194383071,0.017596970179570293,0.3059313286349869,3916.9126067488205,0.0002055810384568783,0.10856159193467456,24.999190158014255,6.44987348528202,1.198763167868406,0.12784372725170717,42,0.1115119457244873,4288.784276485443
297,11.897889461434868,14.63683819324148,0.1554607716136284,0.15894796265205174,0.04311447833132877,0.000363263984284527,0.071137484290791,7.768320241927276e-05,0.004524378983527005,1.4636653410314835,0.00022315205984285458,0.001188170236296615,0.0012787896568906116,0.008073409675151017,0.28697816366730083,1195.914928568723,4.770636693369424e-05,0.3911020535083246,39.52629378097781,59.69484679833445,3.069317967255777,0.03385826726096737,13,0.11060237884521484,4310.119240283966
169,9.535451203071249,26.804504222580842,0.30393474641516266,0.005821918090991928,0.07126168566044497,0.0001069236311884176,0.05105424652617055,0.001080476129144025,9.287750583141338e-05,0.03587361919526141,0.007628601767872874,0.0004542258352963156,0.031164173855973976,0.0413426420269723,0.0022344408022394197,15192.722989861073,0.00029640095264047973,0.11092133180688914,46.327335755903384,214.75175654398427,4.417055992852475,0.3098039199714863,45,0.11159873008728027,4459.422397851944
157,21.56092353950715,46.584983020666684,0.2353990930724031,0.0011527035556023555,0.0008545688290272063,0.0018686705184114112,0.13019320252342473,0.00276646135159632,0.00041912253438026976,0.7578709567369308,0.007335033632793969,0.003099085924919591,0.08633899620307786,0.001941104730328381,0.0006682632918470332,52687.22722199961,0.0007753684455883387,0.009390021976172811,17.92696515917773,108.41203996883112,33.90408586261518,0.10790539730951959,151,2625.0584230422974,4514.376257181168
123,16.744629546943237,47.03378125988428,0.10705017053826549,0.07243738636669501,0.03254787447470951,0.00011852408853623122,0.038665389805477686,0.00022345196820194413,0.027026021662152816,2.0252271494702696,0.0008929050275966764,0.0030498020424290983,0.0007458491343286867,0.15899864196237568,0.0008709392979372722,1868.2596955624426,0.0001240434067044035,0.024306594569051664,75.70952667420092,135.83493929165266,0.0608726008004162,0.09691001300805639,117,847.6170976161957,4892.569432735443
390,7.852343657303417,15.313277721839137,0.24254692850273593,0.17367293526896388,0.008165981693693248,0.0003120453692147105,0.056666338738228864,5.039156818846934e-05,0.000597266544444749,0.022202249498667635,0.0004888777160320936,0.049432494338515744,0.05915924114965284,0.005116673591170712,0.0035864938169042197,1709.243708941153,0.00010147739415323382,0.46841159701510376,73.80377700437036,26.826667445153415,18.662166288660853,0.06550154875643228,12,0.11057400703430176,5180.865135908127
339,7.557042964566351,59.804353345092,0.12991991612225431,0.012196910483981978,0.14901038968235417,0.0012140392394591687,0.05687754356044827,3.353743386278509e-05,0.029147248655768968,0.003971810431684221,0.007771701897331975,7.517361931683881e-05,0.008319686560397667,0.002438671775688043,0.002046481276968801,9256.074081752433,0.0004586135552783092,0.0020408101285270134,37.36328030341235,0.34780678816773547,0.965825377126635,0.03621217265444471,173,4893.67566204071,5194.990251541138
93,7.907718244163488,18.352539215689603,0.31686267951700814,0.2446148811133395,0.12924826170916434,0.006917665079817696,0.030142055232838205,0.0023282687247129052,0.023526361821728604,0.0055520819940982884,7.435780131486255e-05,0.00024808260072359907,0.00041421100277058345,0.29155761962837967,0.002258378251220398,1897.1958559079783,0.00033857845369818175,0.006053916724086651,27.023702855838696,0.3545164545615223,0.991853623446042,0.06550154875643228,174,5181.627649068832,5327.235247135162
281,6.529659475033118,16.89108301726288,0.14510502441478726,0.002679885172885742,0.00017273297348026112,0.0001359786552894305,0.04940475470841261,0.0011798952367249155,0.013040226546389503,0.10101955719322898,9.641120445711471e-05,0.003754220518000379,0.0004767844569769021,0.005280461318348053,0.012552974260982369,11379.237905476199,6.920160381619945e-05,0.13770826584263973,73.11680757358388,0.38262869055102827,0.13871731046950972,0.24412514432750854,37,0.1113133430480957,5658.4492609500885
86,22.572316701783947,17.52710934450064,0.26631217155924497,0.0007264348593200433,0.0012635403476340787,0.0264537246943615,0.09452749424403667,0.0004641625438877163,8.637190428444495e-05,0.16875888361933503,0.0036709811041868838,0.006458214812357633,0.0007535295867442851,0.0022533042973437016,0.016584561722887792,1370.6413010633155,0.0006265503793518285,0.017691933128241008,54.55030124179683,0.3524697114242696,0.6309194432588041,0.03621217265444471,175,5195.8493847846985,5917.158193826675
130,27.654245320647313,34.70877681055591,0.3140957156000268,0.0006682444665132782,0.10218878097810498,6.909771540660405e-05,0.04793115699907734,4.9358225652557645e-05,0.02401657836492878,0.018999184376380023,0.000181335921276751,0.02681362206424162,0.01436554375027311,0.0019004901053036201,0.0783737048240377,381.5157092270419,0.00030980377136832895,0.32537423201829396,64.0937362393885,11.040576778149761,0.46553643941531814,0.14266750356873156,176,5327.960324048996,6133.324246168137
168,11.3042761672749,46.20632238800511,0.2085926146284627,0.000670075256052566,0.06798105870264211,0.03102664624724189,0.07608545742859579,0.0019478222314444637,0.019444323150851334,0.024653153242140225,0.007241762443796289,7.910541747364682e-05,0.00035294929097122153,0.035052329593650414,0.28172847370105575,1468.4813189880717,6.220269775633107e-05,0.5345787507402396,68.34659011238678,50.72156123198915,2.2339554112745343,0.16430942850757438,164,3515.6372611522675,6286.450240850449
135,7.192195668223622,45.55963067252981,0.3328224540901387,0.24370237368731204,0.02263949732513963,0.008910809333815911,0.12007973174129678,0.0004472783183380485,0.001534800244611479,0.0034406714986727734,0.00018634425080733827,0.0005516114623162035,0.22402470624508639,0.0012260361964557063,0.31687292879919826,6894.037656839203,7.328981621851673e-05,0.006433992825599378,29.291118374705075,52.897275296520355,0.40420625172566804,0.038578905933551705,118,855.5112638473511,6827.662226438522
86,12.357870377678866,20.678302370619548,0.22752530823730355,0.23238099777682275,0.049487304200504324,0.00013919042021342965,0.08005964305057238,7.136980647124134e-05,0.02802095985269671,0.07958255986226706,0.00011243619660802965,0.0020692206630852734,0.0003480447961243114,0.1799714862015088,0.1667991228446984,1443.0282849940422,2.927790275160335e-06,0.26166677517877623,27.615676685791644,105.61824642794035,10.375253491726456,0.06550154875643228,167,4127.210527181625,6842.779432296753
155,29.849035895089056,26.677264856726346,0.34984038412591484,0.08593994854520047,0.00034934980567917896,0.0002689000161529005,0.03650809302960477,9.342359775114246e-05,7.033450611014478e-05,0.9427246328412956,0.0006418957240989593,7.255809821810435e-05,0.009480731104666315,0.13801930196893336,0.0007443551433293035,1965.4400282169202,0.0005679787787270449,0.05932339393278698,19.951370778861733,208.58631315044042,0.7540281417004867,0.06803388527182737,131,1396.514076948166,6972.88618183136
285,9.39522171132361,17.65386667412597,0.09140312608477687,0.008436314597961658,0.1278594077373734,0.00032151835865814883,0.09183542699720636,0.0066036735219353925,0.028071816969483573,0.010936614414987873,0.0002296309645127518,0.0011536992380318364,0.0005392872753366344,0.07707972704389048,0.3521919898704796,2404.6595641858967,1.8045584876685901e-06,0.3495289474577844,18.546012094348164,0.3531963334033328,48.94597753610847,0.03621217265444471,158,3130.7655217647552,7247.261260986328
386,13.684417491946014,20.270608990517825,0.2904995394031955,0.0003510975965751191,0.0009163568461356369,0.013805446186498954,0.051215152454740245,8.73501191697474e-05,0.00885693639833011,0.14628361851295346,0.04365206649172081,0.00020744912277873394,0.0003818933053461618,0.19289986944962567,0.0051988833796967745,7743.458138451542,0.0005571684679954966,0.03136087603885915,15.76923727162637,13.529993066827888,0.1263981072453385,0.057991946977686754,111,641.6955103874207,7290.413341999054
81,13.306212200634578,42.08266234334617,0.13330092659060594,0.000780403174553185,0.0938232268796584,0.009898660791841155,0.14909002806315738,0.0013734585850765208,0.01653719328365174,0.07443996480505669,0.03510112148633011,0.004045776360713739,0.2577159824427025,0.003226106121422052,0.3409282242863297,9398.247997443588,8.111655873556902e-05,0.009686740210282067,18.70547601401084,0.4294026312391101,0.08977867867077416,0.06550154875643228,185,7291.298437833786,7391.911320924759
133,28.543615540828192,51.533709414314664,0.08827210459155663,0.0014785612167886818,0.14913445061606023,0.038524811955888916,0.07802987610057932,0.011234738177234816,0.024280681955784054,0.05623558877481131,0.003218466500648169,0.001976942344041501,0.09518810819896806,0.00159866171587517,0.024766806480011568,6201.885325621341,4.786338429227179e-05,0.1977040082406371,20.091040723962323,0.3609830419348105,0.8180102167664409,0.2479515521805615,159,3163.8610684871674,7497.761248350143
231,24.02132704917493,38.93579135936223,0.13040059921740055,0.0003340147188483888,0.024613663453432504,0.0002500772150934057,0.09844610673931989,4.414107201345933e-05,0.022743242556027363,0.0033990440080854585,0.02368461845662885,0.007217542675415921,0.15173027444698448,0.001378379447317015,0.15560875709906624,3303.931517376709,0.00042692515516037693,0.09889903055553712,23.804408529729916,0.3563643898086521,12.057736655642705,0.2557070168773238,177,5659.443548679352,8152.547238349915
369,30.833190915100747,36.39814351278952,0.14998746958167888,0.0007062026807265136,0.0048314534593939746,0.0003718056381126426,0.08535848740092003,0.0002683541436164964,0.02997517561469008,0.176334477856966,9.2611281248619e-05,0.0015397104033875548,0.012672647400868601,0.001476151755800483,0.0008237075075896613,416.8391726655053,0.00036812885600322263,0.0011764240866928254,21.12085227111523,0.5101634166788134,12.82675715708991,0.038578905933551705,188,8153.543789863586,8458.939779996872
297,16.251270945129956,18.20318162521,0.07054703485372812,0.0004185918743955521,0.0008401376417458882,0.004064252378970106,0.13621222030112334,0.017210541341380795,0.024345789759581286,0.028916289093651563,0.00038887004154455196,0.0001336887802129103,0.004286999377398097,0.0007260741888349,0.012371357572947531,2353.2310183250866,9.850968817400034e-05,0.13626284683031464,16.12491744059847,0.5215715819860264,0.49633739782091,0.2839966563652008,186,7392.8997547626495,8777.2224547863
176,7.747452839126229,25.644106513267953,0.2898043217422005,0.055602166116075574,0.12676812552887498,0.01013904374817,0.08169962464735063,0.0004818553654578962,0.02510437367365946,0.0036194930504170205,0.00017916525167215107,0.0006592277254994439,0.011222666677445634,0.0008439596660018431,0.012700244036791694,952.5340142426453,0.00044783689809842984,0.483105363023915,29.145964421848785,128.2606092802103,0.3045951415127502,0.14266750356873156,182,6843.7473928928375,9033.836244821548
284,27.975951360670386,41.85928616248426,0.17645879386631022,0.1298229566340898,0.094855163963146,0.002000033017794645,0.07119693463960534,0.0011160389566176306,0.029969820759688886,0.03185005588159978,0.009295589332996517,0.008982664340570093,0.0005414544542317062,0.0016554351019293684,0.005394106298711847,1188.5782948990689,0.0002890743652329018,0.14206326465489444,25.6175289466718,57.068357970146096,0.11329004581727858,0.11633856484638239,183,6973.908871173859,9515.21419620514
110,7.01997379079763,40.78186759724535,0.2402675381912916,0.000479887502218544,0.14815258243609827,0.00855751922270515,0.040326962731542085,0.00013706877196507464,0.022990737129445476,0.03840147603431777,0.0003492683052976064,0.0005809379134962453,0.0004082047486059211,0.00786830401591333,0.1341444193404273,1223.455533184816,4.079587840000745e-06,0.24156059425315754,19.41417558783944,236.56812238937138,3.513659828132402,0.09963287134352969,181,6828.47273182869,9519.13090467453
323,20.225943099185223,19.456593283169514,0.15123414412189617,0.0004905131307520532,0.007378900702477677,0.0013388904493788286,0.03918989460425103,0.028498046348618505,0.012428637249500826,0.00991178353843282,0.0001760957317436457,0.027521158569977375,0.00040239503396565396,0.0013338337088161843,0.12850234747374478,502.423146849762,4.7011271304777954e-05,0.03185560309345051,51.4024239032685,1.765248740441897,0.1868085733154759,0.06550154875643228,192,9516.173325061798,9622.199039459229
173,13.974252869414482,28.306778111072955,0.30906434951732836,0.004964359433525796,0.05115728338029353,0.0006253835921079198,0.05010772219019908,0.00010721089081479207,0.0017019286595261482,0.5220161372699716,0.002616614741571644,0.006588004959886365,0.00037005539533758894,0.005993527970314768,0.5989781480739849,822.3333992498387,2.0225078197437405e-06,0.32503840206954343,46.945889238945995,0.3507346261047591,0.22305915339610852,0.045757490560675115,190,8778.110183477402,10601.405250310898
362,10.208126868988558,54.73430392547867,0.26874833066196585,0.0005722860636272151,0.045524710840205984,0.0005523741772194603,0.14228544576905416,8.86487650869696e-05,4.320151593934116e-05,0.003602424794463907,0.03840592527286692,0.0001177571637680783,0.008085683677635874,0.006942288403264673,0.02257099387076817,13998.014579608565,0.00034973247272083996,0.15817560028418015,19.825700768942518,136.67925191498674,0.14842493496500905,0.25181197299379954,86,142.04953384399414,10887.5193297863
276,19.05091840227485,42.00306271062331,0.10460421426312375,0.00034943749153061614,0.00033041598202424775,0.00035777678864261066,0.05718722776004529,0.0008630575547321788,0.012547308772508276,1.2567715460951543,0.007286779001281564,0.019433027985424185,0.0004144666794428197,0.4649539933825772,0.0017559298009306094,28276.429237079978,1.8994939489668886e-06,0.01853041436020219,15.956546394829772,1.015541742648042,24.389829312107956,0.05551732784983137,9,0.11049008369445801,11036.727236032486
312,6.64182630617955,49.60666450696526,0.13434355778471554,0.032103626064732535,0.021744294251874154,0.0007029478678890126,0.123940446322645,3.794100447265818e-05,0.026976074818755885,0.06587473812076367,0.0015003754203113447,0.011110220116424615,0.0003367540578030013,0.3719678025769401,0.2391137946432717,339.3272089988764,9.207250497566089e-05,0.26590238744973776,31.63526072521906,0.420831364734731,0.16895329296844092,0.05551732784983137,195,10602.301820755005,11343.793578624725
114,17.138643329040313,48.38951055806702,0.16414858804708987,0.0003927035069312809,0.012400600373438547,0.0008725029132677809,0.03029783653694013,7.424022531472691e-05,0.025958354293186284,0.019354680538252168,8.476685450183834e-05,0.0007494183846054233,0.028207531339523768,0.001955802442896356,0.0030966282759066284,5018.968888059701,0.00035887953357879475,0.1530621381661839,55.948266672210124,0.34966476002809577,1.72120809325693,0.16430942850757438,184,7248.119824171066,11694.593281269073
113,11.69583450341557,31.265413366775526,0.21224439106298476,0.0009902739923669578,0.1267254464355379,0.031237783884836015,0.038678235312564424,0.002842418497943343,0.0010011014239354012,0.012090889316722081,0.01009210322935543,0.001732451699741035,0.0003446745056978715,0.0026757081556321666,0.1863395285114044,567.6383150402983,1.2195965134298521e-05,0.0569316813559051,17.867731776039683,0.366852229871987,37.49610469485451,0.045757490560675115,199,11695.57791519165,11910.012071609497
229,24.829127034157917,24.560505769282496,0.2729273042288622,0.0006697141493601843,0.07186768804869513,0.02111921090871554,0.12686263916040097,0.00508137789659413,0.01563628828962112,0.1345264295219249,0.00035326281798360356,0.00046180933387512604,0.00904258028586172,0.04800237788457188,0.0013137657402954234,384.4315839873442,0.00040160381515327127,0.0012448637763807738,40.683670393637385,0.41500750218586296,0.14111331889100157,0.06550154875643228,200,11911.131375312805,12144.214250802994
279,30.08254834599857,35.03131175514947,0.3113671459995141,0.06555733632051398,0.008295824031184043,0.006858740638021069,0.0648332060276125,0.01623540218577448,0.017935416599911568,1.0515069672100301,7.692767332515116e-05,0.04429017163574225,0.00043091642258953237,0.0006743967238929534,0.508343916706808,1546.0826301342,0.0012037410559500327,0.007274135104409955,35.40747522365914,0.3851801735428333,0.05852621391405177,0.038578905933551705,198,11344.787394046783,12893.125249147415
82,14.967460619284715,57.57857968748094,0.28747601113326143,0.008016247494192814,0.005878207082320957,0.0005666134084320447,0.08214055464926101,4.7085610692342264e-05,5.9658354370811155e-05,2.5936335933816883,0.0006251681110123985,0.0027117311329948857,0.07386610550737469,0.000724284418654364,0.1074154836197729,4565.439763128538,0.00023441445211304243,0.13717841617038157,32.64437276407947,94.53769409554594,11.807054023685632,0.11350927482751812,16,0.11069130897521973,13175.077256679535
397,9.241801733309615,43.99667193574065,0.2877859903716896,0.21418409232082655,0.036261090489607815,0.00011231808364799226,0.05920427273913235,0.0006747346655570644,0.01603414165054368,0.1653275637287194,9.855357358804649e-05,0.054779960847084246,0.0007171275993998762,0.0011340224106826929,0.17671190793903477,518.4569592636926,4.318660499207106e-05,0.22917874707596259,18.666423763118864,0.3792787778525861,0.13143974554172566,0.045757490560675115,201,12145.337524414062,13486.625247716904
99,20.903699105361177,16.520099348827646,0.29990590144940993,0.07618447690413689,0.003566275713868456,0.0005816418594088488,0.1240205378380361,0.00028431327614938435,0.00012832359759895072,0.6520462119154857,0.00012529724404037975,0.0019119103831406622,0.0014441262168967052,0.5083170788371905,0.0007464439919641163,5999.985146649054,0.00027487809197798403,0.1111884223859087,57.23442939772233,5.115859793251466,0.33682109285646766,0.14874165128092473,149,2530.4822311401367,14111.861501216888
378,12.489304199021612,52.61541790157898,0.3139532229889803,0.0005081736662475474,0.0009485016154057992,0.005562889426459807,0.03562318615130826,0.0002171938241097622,0.0003762245952759608,1.5038056242338451,0.0004974662566037515,0.0003199453942864801,0.00669804899801139,0.023667393204923243,0.1433795342933982,9328.198095487583,0.00031346900385285155,0.20436194043163053,18.786288184540584,1.1260196982362183,2.2824374724548337,0.27572413039921095,87,144.57879185676575,15499.62624502182
368,12.967920391701131,30.011567414485267,0.1793234442813504,0.0005005280363006658,0.1430164703255678,0.01519856053298285,0.061436408661828326,0.004810838002323222,0.02011635405035902,0.0034055792160158785,0.00013210585815624486,0.017395432454306393,0.007069096422839411,0.015536464380779142,0.01592315900875091,12150.964736920894,0.0014813871204234967,0.5880454197637899,15.727157336820868,0.44088044070566484,0.07974067895701377,0.12493873660829993,169,4289.673150062561,18094.306324481964
212,24.10626364366522,16.85002753824114,0.09147390755567207,0.0004915389921716717,0.0015352881497137638,0.03058657845644931,0.11851897098714137,0.0004895212388562466,0.022286265180219363,0.1938058500567871,0.0002672613582295252,0.0005573069455190731,0.00035630872707388586,0.0011957011475599649,0.494324556861976,3148.7646563498456,0.0008821644210088524,0.23351419229849885,17.02021725338036,3.2189847916287464,4.228692958073779,0.1337126609158051,205,14112.899008512497,18593.7632522583
317,27.430872477117298,52.09920498503729,0.26446731165168536,0.0005644878401274584,0.016274808872487466,0.02405164531598554,0.036604349348609955,0.00026263073854979003,0.029545645703228388,0.05641542558191509,0.003025626073073774,0.0001420915398363245,0.1192922862680818,0.0011005348773765688,0.1337027899211642,4484.489093188491,0.0009716865047081397,0.1752681124145534,31.531009041523774,18.737989718428214,0.7061735461742081,0.1337126609158051,202,12893.970880508423,21363.135250091553
230,28.74680639686571,14.744058472906822,0.3142876240049226,0.019886781976883375,0.1411546612508587,0.0009670479371172567,0.05175695840957818,0.0006096771506959882,5.675199946014552e-05,0.1469457592819208,0.00014589433948343787,0.020543961661019787,0.0037028292532216567,0.12492101057033737,0.0008111752458529397,4903.134699921488,0.0012474428612205578,0.4884554999069188,15.646550066973163,5.357331234213679,2.0536957174223183,0.1870866433571444,130,1386.7638721466064,21504.14324426651
377,12.967621454302593,25.513559902050766,0.18149099531243545,0.0011295219249387262,0.1397727625948091,0.00018142665335488427,0.041768274712084365,3.603304187485301e-05,0.00902268358826656,0.11518582570701293,0.004501178959926343,0.0006266401683836281,0.00036496176013817345,0.004809085847486423,0.002910866099305005,9758.817622559623,0.0010219360476025976,0.3647979663573538,34.460527492701786,0.35628113786598653,0.7805700746638305,0.22184874961635637,171,4460.331519126892,22124.084777593613
160,20.237260214255688,22.330096497565616,0.08460568833275309,0.0006438607851895999,0.06331517736680296,0.00019176745933595772,0.043121985915707005,0.0003665240573468149,3.650943627677871e-05,0.029741328618739998,8.567691244007296e-05,0.0036259194620842875,0.0008867533744508814,0.0027899779008954016,0.0020147621723779307,752.2932037355063,0.0005946250912686648,0.020038525265385992,18.476595021687874,0.4079604559737377,2.4899428862552058,0.1549019599857432,211,22125.103298425674,22477.031252145767
351,25.342261397540835,25.98240516539575,0.10876888831946606,0.0007628659377757549,0.004156319133194292,0.0016704075062290529,0.03419362536563849,0.00010146895887197928,0.02026287041028962,0.00758176791259907,0.0002691341597668779,0.007934922902353286,0.0004440707516257913,0.012805254717363813,0.40689873638150686,2299.641072182216,0.0011181113728633125,0.14236886020246192,15.829225132244487,0.4060941818505164,29.439758275253322,0.21112488422458325,208,18594.549764871597,22583.46816253662
328,10.874049483111026,43.2787335273609,0.28295539955325927,0.0004308997676300461,0.037376225621088964,0.0008638795672046068,0.07879377330889009,7.468586592324522e-05,0.0052427670688108795,0.20249400265666856,0.0031855815856998058,0.001687553174230589,0.0003371113840022748,0.15739854344498355,0.4576272473707554,556.5831466672787,2.700732157951303e-05,0.20780550299950373,53.54451849502532,6.336583176663256,12.389004880280263,0.1337126609158051,210,21504.879395008087,22903.612268209457
382,28.601485157758123,21.198070529545298,0.24679597551086754,0.019721093302458678,0.0010377217852155594,0.0002972319059764056,0.04699288112376379,0.0008305737091319702,0.019712562670214654,0.06577888430415421,0.002258817701219138,0.00016587124479765263,0.0003411034744035827,0.0028731071771986314,0.006158988980599201,1119.6544121734319,0.00013314579184110867,0.0008569275851842985,33.2885644399606,61.45933248846099,3.3706302573933,0.038578905933551705,214,22904.575085163116,22967.38805627823
372,6.472524727213343,56.964142415942305,0.1111209766211424,0.0007226071564776,0.07662783646914689,0.00032218473945323784,0.03664555648834027,0.0034969840587980943,0.001949675735872404,0.992721479059942,0.00013265950880343385,0.00017742342392905713,0.0010499067864461861,0.002169652083883769,0.16563829612124692,16272.2352415909,9.24416162673698e-05,0.013296384547123967,16.330086223374025,0.45301908050645084,0.12593582721683655,0.06550154875643228,215,22968.47423362732,23006.25917840004
293,13.71329800259821,21.73763540211441,0.07394216567367924,0.0007361641604489009,0.03709227105838782,0.0014944740375372567,0.13739851400323408,6.343014287271395e-05,0.003199841309608231,0.05393910937537326,9.419521039538673e-05,0.0001706609362868134,0.00412895742552642,0.0027512719976022456,0.0013245979607880531,1582.0244841918227,0.0006010077407104764,0.15422640487985806,28.745368526100208,0.6810428354759082,0.055905708220852286,0.22184874961635637,209,21364.092345237732,23702.858253479004
227,23.268307175973636,61.56131548674562,0.2037996402430673,0.18852047966699373,0.0007020416144000114,0.0001134736755442927,0.04534264576297142,0.0001424161055159002,0.0069287740984781115,1.8270535106944816,0.000521475340232329,0.0012387248095974063,0.014649415922654351,0.301300258833648,0.006461784645516336,9154.519775962099,0.0006563301264350817,0.15182611190897205,16.45877444583174,4.104975484744794,8.951761562773875,0.0809219076239261,23,0.11089420318603516,23746.83324956894
124,10.4362391928509,22.620329065566498,0.2916157016130098,0.0915491189009094,0.09067339436326136,0.00010740571610906905,0.06975181194606855,0.0002720631489018835,0.0004159809762943343,0.9926632283634953,0.0008944553811930838,0.011320829171756539,0.000352612626282676,0.00262756082672791,0.004286667235611667,5094.823012718941,0.0005263848199631177,0.04786735459050333,68.4064976821374,0.5776337557868213,0.13703744383880734,0.2006594505464183,218,23747.79930996895,24854.348252534866
324,6.747824179905703,17.300268971992,0.33852915611515133,0.00045947480339891453,0.005993896702389022,0.00427098590602932,0.08683387787002138,0.006934080100278547,0.016978770807521266,2.353485253694725,0.0044936178468268015,0.0069643543587138736,0.009518778481421306,0.0009265692922238505,0.01482265889120804,14624.754315281189,0.0009100379085007526,0.39962671199204663,25.478123675451748,0.36975598977453994,28.115645966352396,0.21112488422458325,197,11037.89778470993,25599.975262403488
185,7.463352224929653,32.02919010387277,0.2319943533077333,0.0003384981876552243,0.0021040530484495857,8.84494767299939e-05,0.0930409012152065,0.0004089886509773362,0.003295345347603829,0.015158094548359468,7.432486779803844e-05,0.0003141825450741903,0.0003744816033162472,0.0016448369701786952,0.14913387333367026,4504.463502193906,1.9348776288515774e-05,0.26504231339729584,18.85893088769847,9.16697645818954,0.1071570009871678,0.03621217265444471,217,23704.021916627884,31717.198261737823
310,28.288358298439487,20.074424206298144,0.20242071690607447,0.002762987404546119,0.00047672434401986455,0.006718153847810508,0.04905361868510673,0.0001555714252155407,0.024185064993039216,0.019765961016478584,0.002121664205954319,0.00018758425946570215,0.00033372963884492987,0.0011971662780526373,0.0024638717637646703,13778.138079200337,1.1944446857178265e-05,0.31912835140790674,22.840795876937143,57.35650518504368,0.19236940462151197,0.06550154875643228,219,24855.379238128662,38281.38516879082
235,28.9228967243241,54.25088155920575,0.21128763834369488,0.0006504906821458949,0.12950399696195325,7.945453519839652e-05,0.13183828768775183,3.930351751668196e-05,0.024610636607582788,0.13267659264410558,0.008824052217907472,0.00010048899500580288,0.0034645996083755674,0.0023946665772300395,0.13923940497589982,2325.1634822657097,9.905577412090063e-06,0.14035408129184107,71.02102531240035,2.0233923797014723,22.952154843375684,0.045757490560675115,222,38282.1980175972,41737.19124817848
150,15.58799228100597,16.70222487565534,0.2782737884250086,0.0004816445738592439,0.008403195894670467,0.00037728890634505585,0.048462178758006125,0.0002730291791431526,3.353105942196116e-05,0.28107019074531253,0.0001876628935365668,0.0003489729712359613,0.0004126713677534588,0.0024232223999305874,0.00233391385809928,4663.304825198504,0.0013856054315098268,0.1074018186823287,21.846888776300077,1.574371865131723,0.16765749315015044,0.09691001300805639,216,23007.102655887604,42453.18118143082
223,8.652138109745412,63.04120263259059,0.23061955627714587,0.015010182816279163,0.03919255973578564,0.00024102939253908012,0.11710022120539179,6.776724443267675e-05,0.015138058948768145,2.111827337643446,0.00022341502855457713,0.0003750505187312102,0.0004313783008765775,0.007417841748969099,0.002020025384574394,433.3897606914597,4.188949491177164e-06,0.1432879331525799,19.08390894240682,0.45960578770270183,1.968424911821164,0.06550154875643228,224,42454.0079638958,43260.23226976395
393,14.544416253876953,21.124034696417443,0.108972867149097,0.0008063073400100913,0.07093771828356393,9.571495668401301e-05,0.12747701218886068,0.01242262556928178,0.00034499800468614585,0.05813023883161436,0.0015081608888226255,0.037548633033036995,0.0003473364679417075,0.0013329308611564556,0.08091228095146069,46377.494182724455,0.00040432517564589635,0.013933847825752979,16.177529469608583,48.63638920059402,1.5507945299556691,0.15181088300860127,225,43261.16597342491,43312.00993061066
103,17.40838158472067,53.35957034083398,0.29508020234163573,0.0017718051511772788,0.02344407177638924,0.00044457151143199246,0.08682687465443531,0.00010606750376136174,0.021229374516181974,0.0857812622206999,0.0002097029294524123,0.0030506264691946734,0.0007727087591067575,0.005666119186515103,0.23233588855243958,1126.2026322100583,6.6131365689430136e-06,0.23427393340740385,17.469359760322078,0.5849641968019068,4.333934210073451,0.06550154875643228,223,41738.03669309616,43834.81317806244
